{"f1/train":0.4444444444444444,"_timestamp":1.7506105063080244e+09,"f1/validation":0,"f1/test":0,"_wandb":{"runtime":25},"best_test_f1":0,"_runtime":25.9520694,"_step":99}